shape,"(5,)"
0.0017820866
-0.0099834185
0.029638687
0.026267918
-0.0029444161
